sensors,0.5,1.0,1.5,2.0,2.5,3.0,3.5,4.0,4.5,5.0,5.5,6.0,6.5,7.0,7.5,8.0,8.5,9.0,9.5,10.0,10.5,11.0,11.5,12.0,12.5,13.0,13.5,14.0,14.5,15.0,15.5,16.0,16.5,17.0,17.5,18.0,18.5,19.0,19.5,20.0,20.5,21.0,21.5,22.0,22.5,23.0,23.5,0.0,0.5,1.0,1.5,2.0,2.5,3.0,3.5,4.0,4.5,5.0,5.5,6.0,6.5,7.0,7.5,8.0,8.5,9.0,9.5,10.0,10.5,11.0,11.5,12.0,12.5,13.0,13.5,14.0,14.5,15.0,15.5,16.0,16.5,17.0,17.5,18.0,18.5,19.0,19.5,20.0,20.5,21.0,21.5,22.0,22.5,23.0,23.5,0.0
0,3.65E+01,3.66E+01,3.66E+01,3.66E+01,3.67E+01,3.68E+01,3.69E+01,3.71E+01,3.75E+01,3.78E+01,3.82E+01,3.47E+01,3.10E+01,3.03E+01,2.95E+01,2.90E+01,2.94E+01,2.97E+01,3.03E+01,3.04E+01,2.86E+01,2.87E+01,2.89E+01,2.84E+01,2.84E+01,2.87E+01,2.86E+01,2.89E+01,2.94E+01,2.96E+01,3.47E+01,3.37E+01,3.33E+01,3.71E+01,4.12E+01,4.23E+01,4.25E+01,4.24E+01,4.25E+01,4.26E+01,3.80E+01,3.80E+01,3.81E+01,3.82E+01,3.84E+01,3.85E+01,3.86E+01,3.88E+01,3.90E+01,3.91E+01,3.82E+01,3.82E+01,3.83E+01,3.85E+01,3.86E+01,3.88E+01,3.91E+01,3.94E+01,3.97E+01,3.59E+01,3.49E+01,3.44E+01,3.39E+01,3.35E+01,3.33E+01,3.33E+01,3.40E+01,3.40E+01,3.33E+01,3.24E+01,3.51E+01,3.64E+01,3.44E+01,3.45E+01,3.41E+01,3.42E+01,3.43E+01,3.40E+01,3.33E+01,3.28E+01,3.91E+01,4.98E+01,6.15E+01,6.41E+01,6.38E+01,6.33E+01,6.38E+01,6.41E+01,6.48E+01,6.48E+01,4.10E+01,4.12E+01,4.14E+01,4.17E+01,4.17E+01,3.95E+01
1,3.72E+01,3.72E+01,3.73E+01,3.73E+01,3.73E+01,3.75E+01,3.75E+01,3.77E+01,3.78E+01,3.81E+01,3.88E+01,3.60E+01,3.31E+01,3.26E+01,3.20E+01,3.18E+01,3.19E+01,3.21E+01,3.28E+01,3.34E+01,3.21E+01,3.24E+01,3.27E+01,3.20E+01,3.20E+01,3.26E+01,3.24E+01,3.23E+01,3.26E+01,3.28E+01,3.76E+01,3.72E+01,3.68E+01,3.80E+01,3.99E+01,4.10E+01,4.07E+01,4.06E+01,4.06E+01,4.05E+01,3.90E+01,3.92E+01,3.91E+01,3.92E+01,3.92E+01,3.94E+01,3.95E+01,3.97E+01,3.98E+01,3.99E+01,3.90E+01,3.91E+01,3.91E+01,3.93E+01,3.93E+01,3.95E+01,3.97E+01,4.00E+01,4.01E+01,3.71E+01,3.66E+01,3.61E+01,3.53E+01,3.52E+01,3.50E+01,3.49E+01,3.54E+01,3.60E+01,3.60E+01,3.60E+01,3.83E+01,3.82E+01,3.76E+01,3.80E+01,3.77E+01,3.73E+01,3.74E+01,3.72E+01,3.70E+01,3.67E+01,4.19E+01,4.44E+01,4.93E+01,5.10E+01,5.08E+01,5.07E+01,5.10E+01,5.09E+01,5.12E+01,5.15E+01,4.19E+01,4.21E+01,4.21E+01,4.24E+01,4.25E+01,4.04E+01
2,3.64E+01,3.64E+01,3.65E+01,3.65E+01,3.65E+01,3.66E+01,3.67E+01,3.69E+01,3.73E+01,3.76E+01,3.85E+01,3.40E+01,3.05E+01,2.97E+01,2.94E+01,2.93E+01,2.92E+01,2.99E+01,3.08E+01,3.13E+01,2.99E+01,3.00E+01,3.01E+01,2.93E+01,2.92E+01,2.97E+01,3.00E+01,3.00E+01,3.08E+01,3.08E+01,3.58E+01,3.49E+01,3.44E+01,3.73E+01,3.99E+01,4.08E+01,4.14E+01,4.10E+01,4.12E+01,4.11E+01,3.81E+01,3.82E+01,3.82E+01,3.84E+01,3.84E+01,3.87E+01,3.88E+01,3.88E+01,3.89E+01,3.90E+01,3.86E+01,3.86E+01,3.86E+01,3.88E+01,3.89E+01,3.91E+01,3.94E+01,3.98E+01,3.99E+01,3.52E+01,3.46E+01,3.39E+01,3.32E+01,3.33E+01,3.31E+01,3.28E+01,3.34E+01,3.40E+01,3.38E+01,3.37E+01,3.62E+01,3.66E+01,3.53E+01,3.55E+01,3.52E+01,3.51E+01,3.50E+01,3.47E+01,3.50E+01,3.43E+01,3.99E+01,4.71E+01,5.40E+01,5.57E+01,5.70E+01,5.61E+01,5.69E+01,5.66E+01,5.68E+01,5.68E+01,4.08E+01,4.11E+01,4.11E+01,4.15E+01,4.16E+01,3.93E+01
3,3.62E+01,3.62E+01,3.63E+01,3.62E+01,3.62E+01,3.63E+01,3.63E+01,3.65E+01,3.67E+01,3.69E+01,3.80E+01,3.34E+01,3.05E+01,3.01E+01,2.94E+01,2.92E+01,2.94E+01,3.03E+01,3.21E+01,3.32E+01,3.21E+01,3.20E+01,3.17E+01,3.01E+01,3.02E+01,3.09E+01,3.10E+01,3.09E+01,3.15E+01,3.17E+01,3.91E+01,3.76E+01,3.68E+01,3.80E+01,4.08E+01,4.13E+01,4.17E+01,4.17E+01,4.18E+01,4.17E+01,3.84E+01,3.85E+01,3.86E+01,3.87E+01,3.87E+01,3.88E+01,3.90E+01,3.93E+01,3.95E+01,3.95E+01,3.86E+01,3.85E+01,3.85E+01,3.87E+01,3.87E+01,3.89E+01,3.91E+01,3.93E+01,3.95E+01,3.47E+01,3.57E+01,3.57E+01,3.51E+01,3.47E+01,3.42E+01,3.39E+01,3.51E+01,3.58E+01,3.56E+01,3.57E+01,3.89E+01,3.95E+01,3.58E+01,3.57E+01,3.52E+01,3.52E+01,3.47E+01,3.46E+01,3.54E+01,3.49E+01,4.22E+01,4.33E+01,4.90E+01,4.95E+01,5.03E+01,5.06E+01,5.09E+01,5.09E+01,5.13E+01,5.17E+01,4.12E+01,4.13E+01,4.14E+01,4.16E+01,4.18E+01,4.01E+01
4,3.60E+01,3.60E+01,3.61E+01,3.60E+01,3.60E+01,3.61E+01,3.61E+01,3.63E+01,3.64E+01,3.66E+01,3.76E+01,3.47E+01,3.17E+01,3.13E+01,3.09E+01,3.08E+01,3.06E+01,3.09E+01,3.19E+01,3.26E+01,3.05E+01,3.08E+01,3.03E+01,2.84E+01,2.87E+01,2.92E+01,2.93E+01,2.90E+01,2.96E+01,3.02E+01,3.80E+01,3.72E+01,3.64E+01,3.99E+01,4.24E+01,4.28E+01,4.28E+01,4.28E+01,4.28E+01,4.32E+01,3.87E+01,3.87E+01,3.88E+01,3.89E+01,3.89E+01,3.91E+01,3.93E+01,3.94E+01,3.96E+01,3.96E+01,3.87E+01,3.86E+01,3.86E+01,3.88E+01,3.88E+01,3.90E+01,3.91E+01,3.93E+01,3.93E+01,3.63E+01,3.67E+01,3.61E+01,3.54E+01,3.55E+01,3.51E+01,3.50E+01,3.57E+01,3.60E+01,3.59E+01,3.58E+01,3.80E+01,3.94E+01,3.65E+01,3.65E+01,3.63E+01,3.63E+01,3.60E+01,3.57E+01,3.59E+01,3.55E+01,4.13E+01,4.80E+01,5.31E+01,5.39E+01,5.39E+01,5.38E+01,5.42E+01,5.51E+01,5.54E+01,5.52E+01,4.14E+01,4.16E+01,4.16E+01,4.19E+01,4.21E+01,4.02E+01
5,3.83E+01,3.62E+01,3.63E+01,3.61E+01,3.61E+01,3.63E+01,3.62E+01,3.64E+01,3.65E+01,3.66E+01,3.67E+01,3.74E+01,3.41E+01,3.36E+01,3.31E+01,3.32E+01,3.28E+01,3.28E+01,3.37E+01,3.43E+01,3.43E+01,3.08E+01,3.04E+01,2.85E+01,2.86E+01,2.94E+01,2.96E+01,2.94E+01,2.97E+01,3.01E+01,3.12E+01,3.94E+01,3.64E+01,4.27E+01,5.00E+01,5.11E+01,5.23E+01,5.34E+01,5.39E+01,5.48E+01,5.51E+01,3.85E+01,3.86E+01,3.87E+01,3.88E+01,3.90E+01,3.92E+01,3.94E+01,3.95E+01,3.95E+01,3.96E+01,3.87E+01,3.86E+01,3.90E+01,3.87E+01,3.90E+01,3.91E+01,3.92E+01,3.93E+01,3.53E+01,3.20E+01,2.95E+01,2.93E+01,2.92E+01,2.90E+01,2.98E+01,3.12E+01,3.23E+01,3.31E+01,3.30E+01,3.28E+01,3.86E+01,3.64E+01,3.61E+01,3.56E+01,3.52E+01,3.49E+01,3.42E+01,3.44E+01,3.40E+01,3.31E+01,4.17E+01,4.83E+01,4.93E+01,5.05E+01,5.15E+01,5.19E+01,5.27E+01,5.29E+01,5.28E+01,5.34E+01,4.11E+01,4.13E+01,4.15E+01,4.17E+01,4.01E+01
6,3.92E+01,3.72E+01,3.73E+01,3.72E+01,3.72E+01,3.73E+01,3.74E+01,3.75E+01,3.76E+01,3.78E+01,3.80E+01,3.89E+01,3.61E+01,3.52E+01,3.45E+01,3.41E+01,3.35E+01,3.33E+01,3.41E+01,3.47E+01,3.47E+01,2.86E+01,2.84E+01,2.37E+01,2.56E+01,2.56E+01,2.48E+01,2.44E+01,2.49E+01,2.65E+01,2.89E+01,3.90E+01,3.74E+01,4.36E+01,4.78E+01,4.81E+01,4.87E+01,4.93E+01,5.01E+01,5.07E+01,5.09E+01,3.94E+01,3.96E+01,3.97E+01,3.98E+01,4.00E+01,4.02E+01,4.01E+01,4.02E+01,4.02E+01,4.04E+01,3.95E+01,3.94E+01,3.96E+01,3.97E+01,3.98E+01,4.00E+01,4.02E+01,4.03E+01,3.65E+01,3.36E+01,3.18E+01,3.11E+01,3.05E+01,3.01E+01,3.00E+01,3.08E+01,3.17E+01,3.30E+01,3.30E+01,3.27E+01,3.80E+01,3.40E+01,3.40E+01,3.38E+01,3.35E+01,3.34E+01,3.29E+01,3.31E+01,3.26E+01,3.20E+01,4.15E+01,4.53E+01,4.56E+01,4.62E+01,4.66E+01,4.73E+01,4.77E+01,4.79E+01,4.83E+01,4.87E+01,4.19E+01,4.21E+01,4.23E+01,4.26E+01,4.06E+01
7,3.99E+01,3.81E+01,3.82E+01,3.81E+01,3.80E+01,3.82E+01,3.81E+01,3.83E+01,3.84E+01,3.86E+01,3.86E+01,3.95E+01,3.69E+01,3.61E+01,3.53E+01,3.48E+01,3.43E+01,3.39E+01,3.44E+01,3.52E+01,3.51E+01,2.85E+01,2.83E+01,2.33E+01,2.48E+01,2.48E+01,2.42E+01,2.35E+01,2.38E+01,2.57E+01,2.91E+01,3.88E+01,3.92E+01,4.34E+01,4.56E+01,4.72E+01,4.79E+01,4.86E+01,4.87E+01,4.88E+01,4.87E+01,4.07E+01,4.08E+01,4.09E+01,4.10E+01,4.13E+01,4.13E+01,4.09E+01,4.11E+01,4.10E+01,4.12E+01,4.09E+01,4.08E+01,4.10E+01,4.09E+01,4.12E+01,4.13E+01,4.16E+01,4.15E+01,3.77E+01,3.50E+01,3.26E+01,3.18E+01,3.12E+01,3.08E+01,3.05E+01,3.11E+01,3.21E+01,3.35E+01,3.35E+01,3.31E+01,3.81E+01,3.51E+01,3.50E+01,3.48E+01,3.48E+01,3.46E+01,3.36E+01,3.34E+01,3.34E+01,3.30E+01,4.22E+01,4.44E+01,4.59E+01,4.65E+01,4.71E+01,4.72E+01,4.73E+01,4.72E+01,4.82E+01,4.85E+01,4.33E+01,4.35E+01,4.38E+01,4.38E+01,4.14E+01
8,4.00E+01,3.84E+01,3.85E+01,3.85E+01,3.82E+01,3.85E+01,3.84E+01,3.86E+01,3.85E+01,3.87E+01,3.88E+01,3.92E+01,3.67E+01,3.60E+01,3.52E+01,3.50E+01,3.44E+01,3.43E+01,3.50E+01,3.57E+01,3.60E+01,3.02E+01,2.98E+01,2.68E+01,2.81E+01,2.83E+01,2.82E+01,2.80E+01,2.83E+01,2.92E+01,3.03E+01,3.93E+01,3.85E+01,4.20E+01,4.50E+01,4.57E+01,4.64E+01,4.70E+01,4.70E+01,4.75E+01,4.78E+01,4.04E+01,4.05E+01,4.07E+01,4.07E+01,4.10E+01,4.13E+01,4.08E+01,4.10E+01,4.10E+01,4.11E+01,4.06E+01,4.04E+01,4.07E+01,4.05E+01,4.08E+01,4.07E+01,4.09E+01,4.09E+01,3.76E+01,3.51E+01,3.34E+01,3.27E+01,3.24E+01,3.20E+01,3.19E+01,3.26E+01,3.34E+01,3.47E+01,3.44E+01,3.41E+01,3.99E+01,3.69E+01,3.70E+01,3.67E+01,3.66E+01,3.63E+01,3.60E+01,3.63E+01,3.56E+01,3.51E+01,4.31E+01,4.63E+01,4.71E+01,4.79E+01,4.85E+01,4.86E+01,4.91E+01,4.94E+01,4.98E+01,5.00E+01,4.32E+01,4.33E+01,4.37E+01,4.39E+01,4.13E+01
9,4.22E+01,4.25E+01,4.27E+01,4.28E+01,4.29E+01,4.32E+01,4.33E+01,4.35E+01,4.37E+01,4.39E+01,4.39E+01,4.34E+01,3.89E+01,3.82E+01,3.74E+01,3.72E+01,3.69E+01,3.68E+01,3.75E+01,3.75E+01,3.65E+01,3.65E+01,3.70E+01,3.71E+01,3.64E+01,3.67E+01,3.65E+01,3.62E+01,3.57E+01,3.54E+01,3.53E+01,3.94E+01,3.87E+01,4.08E+01,4.31E+01,4.41E+01,4.47E+01,4.50E+01,4.67E+01,4.73E+01,4.57E+01,4.15E+01,4.17E+01,4.18E+01,4.31E+01,4.44E+01,4.51E+01,4.21E+01,4.23E+01,4.27E+01,4.29E+01,4.22E+01,4.23E+01,4.25E+01,4.27E+01,4.28E+01,4.30E+01,4.32E+01,4.33E+01,3.71E+01,3.26E+01,3.93E+01,3.85E+01,3.82E+01,3.79E+01,3.78E+01,3.85E+01,3.85E+01,3.73E+01,3.60E+01,3.65E+01,3.91E+01,3.81E+01,3.85E+01,3.83E+01,3.80E+01,3.74E+01,3.69E+01,3.67E+01,3.65E+01,3.61E+01,4.27E+01,4.52E+01,4.64E+01,4.70E+01,4.74E+01,4.93E+01,4.99E+01,4.79E+01,4.82E+01,4.87E+01,4.43E+01,4.63E+01,4.78E+01,4.85E+01,4.20E+01
10,4.28E+01,4.30E+01,4.50E+01,4.52E+01,4.54E+01,4.55E+01,4.59E+01,4.61E+01,4.62E+01,4.64E+01,4.66E+01,4.02E+01,4.18E+01,4.04E+01,3.96E+01,3.92E+01,3.85E+01,3.84E+01,3.89E+01,3.91E+01,3.75E+01,3.56E+01,3.53E+01,3.48E+01,3.42E+01,3.45E+01,3.44E+01,3.43E+01,3.40E+01,3.38E+01,3.36E+01,3.38E+01,4.00E+01,4.25E+01,4.86E+01,4.99E+01,5.06E+01,5.08E+01,5.26E+01,5.35E+01,5.23E+01,5.32E+01,4.19E+01,4.20E+01,4.27E+01,4.41E+01,4.53E+01,4.13E+01,4.15E+01,4.17E+01,4.20E+01,4.22E+01,4.35E+01,4.37E+01,4.40E+01,4.42E+01,4.44E+01,4.45E+01,4.47E+01,3.85E+01,3.43E+01,3.27E+01,4.11E+01,4.08E+01,4.00E+01,3.98E+01,4.03E+01,4.05E+01,3.88E+01,3.67E+01,3.69E+01,3.65E+01,3.79E+01,3.83E+01,3.81E+01,3.80E+01,3.78E+01,3.73E+01,3.70E+01,3.67E+01,3.56E+01,3.79E+01,4.42E+01,4.51E+01,4.57E+01,4.60E+01,4.74E+01,4.80E+01,4.73E+01,4.81E+01,4.88E+01,4.87E+01,4.49E+01,4.66E+01,4.80E+01,4.02E+01
11,4.16E+01,4.18E+01,4.23E+01,4.24E+01,4.23E+01,4.26E+01,4.27E+01,4.29E+01,4.29E+01,4.29E+01,4.31E+01,3.88E+01,3.95E+01,3.86E+01,3.81E+01,3.79E+01,3.79E+01,3.76E+01,3.75E+01,3.76E+01,3.58E+01,3.41E+01,3.78E+01,3.79E+01,3.69E+01,3.71E+01,3.65E+01,3.60E+01,3.52E+01,3.45E+01,3.44E+01,3.45E+01,4.12E+01,5.34E+01,6.74E+01,6.80E+01,6.90E+01,6.88E+01,7.17E+01,7.25E+01,7.25E+01,7.40E+01,4.14E+01,4.14E+01,4.14E+01,4.24E+01,4.30E+01,4.11E+01,4.15E+01,4.17E+01,4.21E+01,4.22E+01,4.16E+01,4.19E+01,4.20E+01,4.22E+01,4.22E+01,4.23E+01,4.24E+01,3.83E+01,3.43E+01,3.31E+01,4.22E+01,4.15E+01,4.14E+01,4.12E+01,4.06E+01,4.07E+01,3.84E+01,3.61E+01,3.63E+01,3.66E+01,4.08E+01,4.05E+01,3.96E+01,3.88E+01,3.76E+01,3.60E+01,3.60E+01,3.58E+01,3.55E+01,4.00E+01,4.46E+01,4.49E+01,4.55E+01,4.56E+01,4.65E+01,4.69E+01,4.70E+01,4.78E+01,4.83E+01,4.81E+01,4.41E+01,4.54E+01,4.62E+01,4.07E+01
12,3.93E+01,3.98E+01,4.13E+01,4.16E+01,4.18E+01,4.22E+01,4.25E+01,4.27E+01,4.27E+01,4.30E+01,4.33E+01,3.86E+01,3.84E+01,3.71E+01,3.58E+01,3.67E+01,3.70E+01,3.69E+01,3.70E+01,3.65E+01,3.52E+01,3.43E+01,3.31E+01,3.27E+01,3.29E+01,3.33E+01,3.33E+01,3.32E+01,3.33E+01,3.30E+01,3.24E+01,3.24E+01,3.97E+01,4.17E+01,4.42E+01,4.45E+01,4.49E+01,4.49E+01,4.56E+01,4.59E+01,4.62E+01,4.68E+01,4.03E+01,4.00E+01,3.94E+01,4.09E+01,4.19E+01,3.83E+01,3.88E+01,3.92E+01,3.95E+01,3.98E+01,4.14E+01,4.17E+01,4.20E+01,4.23E+01,4.23E+01,4.25E+01,4.28E+01,3.82E+01,3.21E+01,3.07E+01,4.04E+01,4.05E+01,4.06E+01,4.06E+01,4.07E+01,4.01E+01,3.83E+01,3.70E+01,4.07E+01,4.03E+01,3.85E+01,3.90E+01,3.89E+01,3.86E+01,3.81E+01,3.78E+01,3.70E+01,3.65E+01,3.67E+01,3.82E+01,4.26E+01,4.29E+01,4.33E+01,4.33E+01,4.39E+01,4.42E+01,4.44E+01,4.50E+01,4.56E+01,4.49E+01,4.31E+01,4.52E+01,4.66E+01,3.72E+01
13,4.15E+01,4.17E+01,4.41E+01,4.43E+01,4.46E+01,4.49E+01,4.53E+01,4.56E+01,4.54E+01,4.57E+01,4.60E+01,3.66E+01,3.68E+01,3.57E+01,3.28E+01,3.31E+01,3.57E+01,3.56E+01,3.53E+01,3.41E+01,3.26E+01,3.20E+01,3.50E+01,3.47E+01,3.57E+01,3.63E+01,3.64E+01,3.62E+01,3.67E+01,3.62E+01,3.54E+01,3.55E+01,4.36E+01,4.36E+01,4.43E+01,4.43E+01,4.48E+01,4.50E+01,4.54E+01,4.56E+01,4.56E+01,4.65E+01,4.23E+01,4.26E+01,4.36E+01,4.43E+01,4.47E+01,3.96E+01,4.03E+01,4.05E+01,4.11E+01,4.13E+01,4.34E+01,4.37E+01,4.41E+01,4.44E+01,4.42E+01,4.45E+01,4.48E+01,3.57E+01,2.84E+01,2.71E+01,4.35E+01,3.54E+01,3.99E+01,3.98E+01,3.94E+01,3.70E+01,3.38E+01,3.23E+01,3.02E+01,2.98E+01,4.15E+01,4.24E+01,4.23E+01,4.15E+01,4.16E+01,4.07E+01,3.99E+01,3.98E+01,4.02E+01,4.01E+01,4.60E+01,4.60E+01,4.64E+01,4.67E+01,4.70E+01,4.73E+01,4.72E+01,4.83E+01,4.89E+01,4.93E+01,4.49E+01,4.57E+01,4.62E+01,3.91E+01
14,3.84E+01,3.87E+01,3.90E+01,3.93E+01,3.95E+01,3.98E+01,4.01E+01,4.04E+01,4.07E+01,4.12E+01,4.14E+01,3.58E+01,3.60E+01,3.46E+01,3.34E+01,3.45E+01,3.55E+01,3.56E+01,3.52E+01,3.44E+01,3.30E+01,3.28E+01,3.26E+01,3.25E+01,3.31E+01,3.36E+01,3.35E+01,3.35E+01,3.37E+01,3.34E+01,3.29E+01,3.29E+01,4.02E+01,3.97E+01,4.02E+01,4.00E+01,3.99E+01,3.99E+01,4.02E+01,4.02E+01,4.05E+01,4.09E+01,3.84E+01,3.87E+01,3.90E+01,3.93E+01,3.97E+01,3.84E+01,3.86E+01,3.88E+01,3.91E+01,3.94E+01,3.96E+01,4.00E+01,4.02E+01,4.05E+01,4.09E+01,4.13E+01,4.15E+01,3.59E+01,3.02E+01,2.84E+01,3.96E+01,3.85E+01,3.89E+01,3.91E+01,3.85E+01,3.74E+01,3.51E+01,3.45E+01,4.09E+01,4.14E+01,3.80E+01,3.87E+01,3.85E+01,3.82E+01,3.80E+01,3.76E+01,3.69E+01,3.68E+01,3.71E+01,3.67E+01,4.21E+01,4.18E+01,4.18E+01,4.17E+01,4.20E+01,4.20E+01,4.23E+01,4.28E+01,4.32E+01,4.36E+01,4.17E+01,4.21E+01,4.25E+01,3.83E+01
15,3.76E+01,3.78E+01,3.81E+01,3.80E+01,3.82E+01,3.85E+01,3.88E+01,3.91E+01,3.96E+01,4.01E+01,4.03E+01,3.50E+01,2.94E+01,3.20E+01,3.13E+01,3.20E+01,3.21E+01,3.20E+01,3.17E+01,3.13E+01,3.07E+01,3.04E+01,3.25E+01,2.55E+01,2.57E+01,2.62E+01,2.62E+01,2.61E+01,2.66E+01,2.65E+01,2.65E+01,2.72E+01,2.78E+01,3.71E+01,3.88E+01,3.89E+01,3.86E+01,3.91E+01,3.94E+01,3.94E+01,3.97E+01,3.99E+01,4.04E+01,3.76E+01,3.81E+01,3.82E+01,3.84E+01,3.77E+01,3.80E+01,3.81E+01,3.85E+01,3.86E+01,3.88E+01,3.90E+01,3.93E+01,3.96E+01,4.01E+01,4.06E+01,4.08E+01,3.54E+01,2.98E+01,2.84E+01,2.81E+01,3.06E+01,3.08E+01,3.06E+01,3.04E+01,3.00E+01,2.96E+01,2.93E+01,3.11E+01,3.06E+01,3.09E+01,3.16E+01,3.17E+01,3.17E+01,3.17E+01,3.14E+01,3.11E+01,3.13E+01,3.16E+01,3.29E+01,3.40E+01,3.88E+01,3.85E+01,3.90E+01,3.93E+01,3.93E+01,3.96E+01,3.98E+01,4.04E+01,4.06E+01,4.12E+01,4.12E+01,4.14E+01,3.77E+01
16,4.03E+01,4.05E+01,4.07E+01,4.02E+01,4.04E+01,4.08E+01,4.11E+01,4.13E+01,4.19E+01,4.24E+01,4.28E+01,3.57E+01,2.84E+01,3.38E+01,3.28E+01,3.37E+01,3.41E+01,3.41E+01,3.44E+01,3.39E+01,3.27E+01,3.23E+01,3.60E+01,2.78E+01,2.81E+01,2.85E+01,2.82E+01,2.82E+01,2.86E+01,2.84E+01,2.83E+01,2.85E+01,2.92E+01,3.88E+01,4.11E+01,4.14E+01,4.12E+01,4.13E+01,4.15E+01,4.17E+01,4.21E+01,4.26E+01,4.30E+01,3.98E+01,4.00E+01,4.03E+01,4.04E+01,4.03E+01,4.05E+01,4.07E+01,4.09E+01,4.10E+01,4.13E+01,4.16E+01,4.19E+01,4.22E+01,4.27E+01,4.33E+01,4.37E+01,3.64E+01,2.91E+01,2.73E+01,2.74E+01,3.10E+01,3.17E+01,3.18E+01,3.21E+01,3.18E+01,3.12E+01,3.10E+01,3.35E+01,3.33E+01,3.33E+01,3.51E+01,3.50E+01,3.49E+01,3.52E+01,3.45E+01,3.42E+01,3.38E+01,3.43E+01,3.59E+01,3.77E+01,4.11E+01,4.10E+01,4.11E+01,4.12E+01,4.14E+01,4.18E+01,4.23E+01,4.27E+01,4.31E+01,4.34E+01,4.40E+01,4.40E+01,4.04E+01
17,3.74E+01,3.76E+01,3.78E+01,3.76E+01,3.78E+01,3.81E+01,3.83E+01,3.87E+01,3.92E+01,3.97E+01,4.01E+01,3.14E+01,2.48E+01,2.14E+01,2.01E+01,1.90E+01,1.87E+01,1.89E+01,2.04E+01,2.10E+01,2.07E+01,2.02E+01,2.00E+01,1.73E+01,1.80E+01,1.83E+01,1.81E+01,1.82E+01,1.82E+01,1.79E+01,1.81E+01,1.85E+01,1.88E+01,3.46E+01,3.88E+01,3.94E+01,3.97E+01,3.97E+01,4.00E+01,4.01E+01,4.02E+01,4.06E+01,4.10E+01,3.66E+01,3.71E+01,3.74E+01,3.75E+01,3.74E+01,3.77E+01,3.80E+01,3.81E+01,3.83E+01,3.86E+01,3.87E+01,3.90E+01,3.93E+01,3.99E+01,4.04E+01,4.08E+01,3.18E+01,2.53E+01,2.40E+01,2.28E+01,1.93E+01,1.90E+01,1.92E+01,2.07E+01,2.12E+01,2.10E+01,2.05E+01,2.02E+01,1.97E+01,1.99E+01,2.73E+01,2.71E+01,2.78E+01,2.74E+01,2.73E+01,2.78E+01,2.85E+01,3.02E+01,3.09E+01,3.53E+01,3.76E+01,3.79E+01,3.79E+01,3.82E+01,3.82E+01,3.84E+01,3.88E+01,3.91E+01,3.94E+01,3.99E+01,4.05E+01,4.06E+01,3.74E+01
18,3.84E+01,3.87E+01,3.88E+01,3.79E+01,3.81E+01,3.84E+01,3.86E+01,3.90E+01,3.95E+01,3.99E+01,4.03E+01,3.17E+01,2.45E+01,2.41E+01,2.32E+01,2.33E+01,2.33E+01,2.35E+01,2.43E+01,2.47E+01,2.45E+01,2.38E+01,2.35E+01,1.88E+01,1.95E+01,2.00E+01,2.03E+01,2.02E+01,2.05E+01,2.02E+01,2.04E+01,2.07E+01,2.10E+01,3.45E+01,4.06E+01,4.17E+01,4.21E+01,4.23E+01,4.25E+01,4.31E+01,4.32E+01,4.39E+01,4.43E+01,3.69E+01,3.73E+01,3.73E+01,3.74E+01,3.87E+01,3.90E+01,3.92E+01,3.93E+01,3.95E+01,3.97E+01,3.94E+01,3.96E+01,4.00E+01,4.05E+01,4.10E+01,4.13E+01,3.24E+01,2.53E+01,2.40E+01,2.31E+01,2.10E+01,2.12E+01,2.13E+01,2.23E+01,2.27E+01,2.28E+01,2.23E+01,2.22E+01,2.18E+01,2.20E+01,2.88E+01,2.82E+01,2.80E+01,2.81E+01,2.83E+01,2.83E+01,2.86E+01,2.94E+01,3.07E+01,3.56E+01,3.77E+01,3.82E+01,3.84E+01,3.86E+01,3.90E+01,3.91E+01,3.96E+01,4.00E+01,4.02E+01,4.07E+01,4.18E+01,4.21E+01,3.92E+01
19,3.74E+01,3.77E+01,3.79E+01,3.74E+01,3.76E+01,3.79E+01,3.81E+01,3.84E+01,3.87E+01,3.93E+01,3.96E+01,3.39E+01,2.72E+01,2.77E+01,2.66E+01,2.62E+01,2.60E+01,2.60E+01,2.65E+01,2.67E+01,2.62E+01,2.56E+01,2.53E+01,2.02E+01,2.09E+01,2.12E+01,2.13E+01,2.16E+01,2.19E+01,2.15E+01,2.16E+01,2.23E+01,2.28E+01,3.33E+01,3.75E+01,3.83E+01,3.86E+01,3.88E+01,3.89E+01,3.91E+01,3.92E+01,3.94E+01,3.98E+01,3.61E+01,3.65E+01,3.68E+01,3.70E+01,3.75E+01,3.80E+01,3.82E+01,3.84E+01,3.85E+01,3.88E+01,3.85E+01,3.87E+01,3.91E+01,3.94E+01,3.99E+01,4.02E+01,3.44E+01,2.77E+01,2.63E+01,2.51E+01,2.40E+01,2.39E+01,2.39E+01,2.45E+01,2.48E+01,2.44E+01,2.40E+01,2.39E+01,2.35E+01,2.37E+01,2.81E+01,2.78E+01,2.75E+01,2.73E+01,2.71E+01,2.71E+01,2.72E+01,2.76E+01,3.07E+01,3.44E+01,3.74E+01,3.77E+01,3.79E+01,3.81E+01,3.82E+01,3.84E+01,3.85E+01,3.89E+01,3.91E+01,3.96E+01,4.06E+01,4.08E+01,3.76E+01
20,3.87E+01,3.91E+01,3.92E+01,3.93E+01,3.87E+01,3.90E+01,3.93E+01,3.97E+01,4.01E+01,4.06E+01,4.09E+01,3.23E+01,2.51E+01,2.37E+01,2.43E+01,2.41E+01,2.35E+01,2.30E+01,2.33E+01,2.34E+01,2.32E+01,2.25E+01,2.27E+01,2.22E+01,1.65E+01,1.70E+01,1.72E+01,1.82E+01,1.89E+01,1.94E+01,1.96E+01,2.05E+01,2.14E+01,2.51E+01,3.38E+01,3.49E+01,3.55E+01,3.57E+01,3.59E+01,3.62E+01,3.63E+01,3.67E+01,3.69E+01,3.73E+01,3.70E+01,3.73E+01,3.75E+01,3.88E+01,3.92E+01,3.96E+01,3.97E+01,3.98E+01,4.02E+01,4.05E+01,4.00E+01,4.03E+01,4.08E+01,4.13E+01,4.17E+01,3.28E+01,2.56E+01,2.43E+01,2.32E+01,2.30E+01,2.15E+01,2.09E+01,2.12E+01,2.15E+01,2.16E+01,2.11E+01,2.13E+01,2.09E+01,2.14E+01,2.16E+01,2.69E+01,2.60E+01,2.61E+01,2.56E+01,2.58E+01,2.59E+01,2.65E+01,3.04E+01,3.42E+01,3.53E+01,3.80E+01,3.83E+01,3.84E+01,3.88E+01,3.89E+01,3.93E+01,3.96E+01,3.99E+01,4.05E+01,4.09E+01,4.28E+01,3.89E+01
21,3.90E+01,3.91E+01,3.92E+01,3.94E+01,3.83E+01,3.86E+01,3.89E+01,3.92E+01,3.95E+01,4.00E+01,4.04E+01,3.35E+01,2.58E+01,2.44E+01,2.37E+01,2.33E+01,2.30E+01,2.26E+01,2.27E+01,2.28E+01,2.23E+01,2.15E+01,2.15E+01,2.12E+01,1.69E+01,1.74E+01,1.77E+01,1.83E+01,1.89E+01,1.92E+01,1.96E+01,2.00E+01,2.04E+01,2.66E+01,3.36E+01,3.45E+01,3.49E+01,3.51E+01,3.54E+01,3.55E+01,3.56E+01,3.62E+01,3.63E+01,3.64E+01,3.75E+01,3.79E+01,3.81E+01,3.93E+01,3.95E+01,3.96E+01,3.97E+01,3.99E+01,4.00E+01,4.03E+01,3.95E+01,3.98E+01,4.01E+01,4.07E+01,4.11E+01,3.39E+01,2.63E+01,2.49E+01,2.37E+01,2.33E+01,2.16E+01,2.12E+01,2.14E+01,2.16E+01,2.12E+01,2.05E+01,2.05E+01,2.03E+01,2.07E+01,2.09E+01,2.67E+01,2.64E+01,2.62E+01,2.60E+01,2.63E+01,2.69E+01,2.75E+01,3.03E+01,3.51E+01,3.60E+01,3.88E+01,3.90E+01,3.93E+01,3.93E+01,3.95E+01,4.01E+01,4.03E+01,4.04E+01,4.07E+01,4.13E+01,4.23E+01,4.00E+01
22,4.11E+01,4.12E+01,4.13E+01,4.14E+01,4.02E+01,4.05E+01,4.08E+01,4.12E+01,4.16E+01,4.20E+01,4.24E+01,3.70E+01,3.11E+01,2.90E+01,2.78E+01,2.74E+01,2.70E+01,2.63E+01,2.63E+01,2.65E+01,2.63E+01,2.57E+01,2.59E+01,2.56E+01,2.06E+01,2.14E+01,2.17E+01,2.24E+01,2.29E+01,2.31E+01,2.35E+01,2.45E+01,2.53E+01,2.74E+01,3.55E+01,3.64E+01,3.68E+01,3.69E+01,3.72E+01,3.73E+01,3.74E+01,3.78E+01,3.80E+01,3.83E+01,3.95E+01,3.99E+01,4.02E+01,4.15E+01,4.18E+01,4.19E+01,4.20E+01,4.21E+01,4.23E+01,4.27E+01,4.12E+01,4.16E+01,4.20E+01,4.25E+01,4.29E+01,3.74E+01,3.15E+01,2.94E+01,2.80E+01,2.76E+01,2.62E+01,2.55E+01,2.54E+01,2.57E+01,2.56E+01,2.52E+01,2.53E+01,2.50E+01,2.54E+01,2.59E+01,2.94E+01,2.94E+01,2.93E+01,2.90E+01,2.92E+01,2.93E+01,2.97E+01,3.31E+01,3.62E+01,3.71E+01,4.10E+01,4.10E+01,4.13E+01,4.14E+01,4.16E+01,4.20E+01,4.24E+01,4.26E+01,4.29E+01,4.34E+01,4.50E+01,4.24E+01
23,3.91E+01,3.93E+01,3.95E+01,3.96E+01,3.81E+01,3.84E+01,3.86E+01,3.90E+01,3.95E+01,3.99E+01,4.02E+01,3.55E+01,3.17E+01,2.92E+01,2.84E+01,2.78E+01,2.73E+01,2.66E+01,2.67E+01,2.67E+01,2.66E+01,2.62E+01,2.63E+01,2.59E+01,2.01E+01,2.08E+01,2.14E+01,2.20E+01,2.24E+01,2.26E+01,2.27E+01,2.38E+01,2.44E+01,2.59E+01,3.39E+01,3.47E+01,3.52E+01,3.54E+01,3.55E+01,3.56E+01,3.57E+01,3.59E+01,3.61E+01,3.63E+01,3.70E+01,3.72E+01,3.73E+01,3.95E+01,3.98E+01,4.01E+01,4.02E+01,4.04E+01,4.05E+01,4.08E+01,3.93E+01,3.98E+01,4.02E+01,4.07E+01,4.10E+01,3.61E+01,3.24E+01,2.99E+01,2.88E+01,2.83E+01,2.67E+01,2.60E+01,2.61E+01,2.62E+01,2.61E+01,2.58E+01,2.59E+01,2.55E+01,2.57E+01,2.60E+01,2.90E+01,2.89E+01,2.89E+01,2.84E+01,2.86E+01,2.89E+01,2.92E+01,3.19E+01,3.41E+01,3.49E+01,3.87E+01,3.88E+01,3.89E+01,3.90E+01,3.91E+01,3.93E+01,3.95E+01,3.98E+01,4.01E+01,4.04E+01,4.32E+01,4.10E+01
24,4.18E+01,4.20E+01,4.22E+01,4.22E+01,4.06E+01,4.10E+01,4.13E+01,4.16E+01,4.20E+01,4.24E+01,4.26E+01,3.71E+01,3.10E+01,2.89E+01,2.90E+01,2.84E+01,2.77E+01,2.69E+01,2.69E+01,2.70E+01,2.63E+01,2.53E+01,2.53E+01,2.47E+01,1.89E+01,1.96E+01,2.02E+01,2.10E+01,2.19E+01,2.24E+01,2.26E+01,2.35E+01,2.38E+01,2.71E+01,3.51E+01,3.59E+01,3.64E+01,3.66E+01,3.68E+01,3.70E+01,3.72E+01,3.76E+01,3.79E+01,3.81E+01,3.98E+01,4.02E+01,4.05E+01,4.23E+01,4.26E+01,4.28E+01,4.30E+01,4.30E+01,4.32E+01,4.36E+01,4.21E+01,4.25E+01,4.29E+01,4.33E+01,4.35E+01,3.78E+01,3.17E+01,2.97E+01,2.81E+01,2.75E+01,2.55E+01,2.46E+01,2.46E+01,2.48E+01,2.45E+01,2.37E+01,2.38E+01,2.34E+01,2.36E+01,2.39E+01,2.75E+01,2.75E+01,2.76E+01,2.75E+01,2.76E+01,2.79E+01,2.82E+01,3.23E+01,3.62E+01,3.70E+01,4.12E+01,4.13E+01,4.16E+01,4.17E+01,4.18E+01,4.23E+01,4.27E+01,4.30E+01,4.33E+01,4.38E+01,4.63E+01,4.36E+01
25,3.94E+01,3.96E+01,3.98E+01,3.99E+01,4.00E+01,3.87E+01,3.89E+01,3.91E+01,3.95E+01,3.99E+01,4.02E+01,3.50E+01,3.07E+01,2.91E+01,2.75E+01,2.65E+01,2.60E+01,2.54E+01,2.59E+01,2.59E+01,2.55E+01,2.50E+01,2.48E+01,2.44E+01,2.46E+01,2.03E+01,2.07E+01,2.13E+01,2.17E+01,2.19E+01,2.20E+01,2.30E+01,2.36E+01,2.66E+01,2.85E+01,3.53E+01,3.58E+01,3.60E+01,3.61E+01,3.61E+01,3.63E+01,3.66E+01,3.67E+01,3.70E+01,3.73E+01,3.75E+01,3.77E+01,3.98E+01,4.01E+01,4.03E+01,4.04E+01,4.06E+01,4.07E+01,4.10E+01,4.12E+01,3.98E+01,4.02E+01,4.06E+01,4.09E+01,3.55E+01,3.13E+01,2.97E+01,2.81E+01,2.75E+01,2.70E+01,2.54E+01,2.58E+01,2.59E+01,2.55E+01,2.50E+01,2.48E+01,2.43E+01,2.45E+01,2.48E+01,2.49E+01,3.01E+01,2.98E+01,2.94E+01,2.95E+01,2.96E+01,2.97E+01,3.32E+01,3.69E+01,3.77E+01,3.81E+01,3.95E+01,3.96E+01,3.97E+01,3.99E+01,4.02E+01,4.03E+01,4.06E+01,4.09E+01,4.13E+01,4.15E+01,4.45E+01
26,4.15E+01,4.16E+01,4.18E+01,4.19E+01,4.20E+01,4.09E+01,4.11E+01,4.13E+01,4.18E+01,4.21E+01,4.24E+01,3.67E+01,3.16E+01,3.00E+01,2.85E+01,2.70E+01,2.62E+01,2.53E+01,2.54E+01,2.56E+01,2.56E+01,2.52E+01,2.52E+01,2.50E+01,2.53E+01,2.04E+01,2.10E+01,2.19E+01,2.26E+01,2.30E+01,2.35E+01,2.48E+01,2.55E+01,2.80E+01,2.95E+01,3.68E+01,3.74E+01,3.75E+01,3.78E+01,3.80E+01,3.81E+01,3.85E+01,3.87E+01,3.90E+01,3.92E+01,4.00E+01,4.01E+01,4.19E+01,4.21E+01,4.22E+01,4.23E+01,4.24E+01,4.26E+01,4.29E+01,4.31E+01,4.15E+01,4.20E+01,4.23E+01,4.26E+01,3.69E+01,3.18E+01,3.02E+01,2.87E+01,2.82E+01,2.74E+01,2.60E+01,2.61E+01,2.62E+01,2.62E+01,2.56E+01,2.56E+01,2.54E+01,2.57E+01,2.61E+01,2.64E+01,3.02E+01,3.01E+01,2.98E+01,3.00E+01,3.02E+01,3.04E+01,3.33E+01,3.70E+01,3.79E+01,3.85E+01,4.19E+01,4.22E+01,4.23E+01,4.24E+01,4.29E+01,4.31E+01,4.35E+01,4.38E+01,4.42E+01,4.43E+01,4.65E+01
27,4.05E+01,4.08E+01,4.09E+01,4.10E+01,4.11E+01,3.99E+01,4.01E+01,4.02E+01,4.07E+01,4.10E+01,4.14E+01,3.69E+01,3.25E+01,3.04E+01,2.89E+01,2.75E+01,2.69E+01,2.65E+01,2.67E+01,2.68E+01,2.64E+01,2.58E+01,2.58E+01,2.55E+01,2.57E+01,2.15E+01,2.20E+01,2.27E+01,2.33E+01,2.35E+01,2.35E+01,2.47E+01,2.52E+01,2.84E+01,3.04E+01,3.70E+01,3.76E+01,3.78E+01,3.80E+01,3.82E+01,3.83E+01,3.85E+01,3.87E+01,3.89E+01,3.90E+01,3.94E+01,3.96E+01,4.09E+01,4.10E+01,4.13E+01,4.14E+01,4.15E+01,4.16E+01,4.18E+01,4.20E+01,4.06E+01,4.10E+01,4.13E+01,4.17E+01,3.72E+01,3.28E+01,3.08E+01,2.93E+01,2.87E+01,2.82E+01,2.62E+01,2.64E+01,2.66E+01,2.62E+01,2.56E+01,2.56E+01,2.53E+01,2.55E+01,2.58E+01,2.60E+01,3.15E+01,3.12E+01,3.08E+01,3.09E+01,3.09E+01,3.11E+01,3.45E+01,3.82E+01,3.91E+01,3.97E+01,4.12E+01,4.14E+01,4.15E+01,4.16E+01,4.18E+01,4.20E+01,4.23E+01,4.24E+01,4.28E+01,4.30E+01,4.43E+01
28,4.01E+01,4.02E+01,4.03E+01,4.04E+01,4.06E+01,3.96E+01,3.98E+01,4.01E+01,4.04E+01,4.08E+01,4.12E+01,3.50E+01,3.09E+01,2.92E+01,2.78E+01,2.63E+01,2.58E+01,2.48E+01,2.51E+01,2.56E+01,2.53E+01,2.47E+01,2.47E+01,2.40E+01,2.45E+01,1.94E+01,1.96E+01,2.07E+01,2.14E+01,2.17E+01,2.19E+01,2.35E+01,2.41E+01,2.71E+01,2.95E+01,3.73E+01,3.79E+01,3.80E+01,3.81E+01,3.82E+01,3.82E+01,3.85E+01,3.86E+01,3.87E+01,3.88E+01,4.00E+01,4.02E+01,4.08E+01,4.09E+01,4.11E+01,4.12E+01,4.13E+01,4.14E+01,4.17E+01,4.19E+01,4.07E+01,4.10E+01,4.15E+01,4.18E+01,3.55E+01,3.15E+01,2.98E+01,2.84E+01,2.80E+01,2.74E+01,2.50E+01,2.53E+01,2.58E+01,2.55E+01,2.48E+01,2.48E+01,2.41E+01,2.46E+01,2.50E+01,2.51E+01,3.01E+01,2.99E+01,2.95E+01,2.96E+01,2.97E+01,3.00E+01,3.29E+01,3.76E+01,3.84E+01,3.90E+01,4.21E+01,4.22E+01,4.23E+01,4.22E+01,4.25E+01,4.26E+01,4.28E+01,4.29E+01,4.32E+01,4.34E+01,4.46E+01
29,3.86E+01,3.88E+01,3.90E+01,3.90E+01,3.91E+01,3.84E+01,3.85E+01,3.87E+01,3.90E+01,3.94E+01,3.97E+01,3.66E+01,3.29E+01,3.12E+01,2.98E+01,3.06E+01,3.04E+01,3.03E+01,3.06E+01,3.07E+01,2.98E+01,2.90E+01,2.90E+01,2.84E+01,2.83E+01,2.63E+01,2.67E+01,2.72E+01,2.78E+01,2.71E+01,2.82E+01,2.86E+01,2.81E+01,3.07E+01,3.21E+01,3.71E+01,3.77E+01,3.76E+01,3.76E+01,3.76E+01,3.79E+01,3.80E+01,3.80E+01,3.82E+01,3.83E+01,3.77E+01,3.78E+01,3.89E+01,3.92E+01,3.95E+01,3.96E+01,3.96E+01,3.97E+01,3.99E+01,4.00E+01,3.87E+01,3.90E+01,3.94E+01,3.97E+01,3.66E+01,3.30E+01,3.12E+01,2.98E+01,2.93E+01,2.91E+01,2.78E+01,2.81E+01,2.82E+01,2.74E+01,2.71E+01,2.72E+01,2.68E+01,2.67E+01,2.75E+01,2.78E+01,3.21E+01,3.20E+01,3.12E+01,3.17E+01,3.16E+01,3.14E+01,3.37E+01,3.57E+01,3.62E+01,3.67E+01,4.03E+01,4.04E+01,4.04E+01,4.08E+01,4.10E+01,4.09E+01,4.12E+01,4.13E+01,4.16E+01,4.17E+01,4.19E+01
30,4.05E+01,4.07E+01,4.07E+01,4.09E+01,4.11E+01,4.13E+01,4.08E+01,4.10E+01,4.15E+01,4.21E+01,4.24E+01,3.68E+01,3.35E+01,3.30E+01,3.41E+01,3.64E+01,3.53E+01,3.40E+01,3.46E+01,3.46E+01,3.56E+01,3.61E+01,3.60E+01,3.60E+01,3.62E+01,3.67E+01,3.17E+01,3.22E+01,3.26E+01,3.28E+01,3.31E+01,3.40E+01,3.45E+01,3.40E+01,3.22E+01,3.24E+01,3.95E+01,3.93E+01,3.94E+01,3.95E+01,3.95E+01,3.98E+01,3.99E+01,3.99E+01,4.00E+01,4.02E+01,4.06E+01,4.08E+01,4.12E+01,4.14E+01,4.14E+01,4.16E+01,4.18E+01,4.20E+01,4.23E+01,4.25E+01,4.11E+01,4.17E+01,4.20E+01,3.64E+01,3.31E+01,3.26E+01,3.38E+01,3.61E+01,3.54E+01,3.42E+01,3.61E+01,3.61E+01,3.70E+01,3.76E+01,3.75E+01,3.75E+01,3.76E+01,3.81E+01,3.80E+01,3.81E+01,3.83E+01,3.80E+01,3.83E+01,3.87E+01,3.89E+01,3.78E+01,3.63E+01,3.67E+01,3.72E+01,3.71E+01,4.30E+01,4.30E+01,4.31E+01,4.34E+01,4.34E+01,4.36E+01,4.36E+01,4.39E+01,4.40E+01,4.10E+01
31,4.04E+01,4.06E+01,4.06E+01,4.08E+01,4.09E+01,4.12E+01,4.07E+01,4.09E+01,4.10E+01,4.14E+01,4.16E+01,3.81E+01,3.41E+01,3.40E+01,3.41E+01,3.59E+01,3.70E+01,3.67E+01,3.82E+01,3.82E+01,3.81E+01,3.80E+01,3.79E+01,3.75E+01,3.72E+01,3.77E+01,3.50E+01,3.52E+01,3.56E+01,3.57E+01,3.61E+01,3.65E+01,3.64E+01,3.58E+01,3.51E+01,3.54E+01,3.97E+01,3.95E+01,3.94E+01,3.93E+01,3.95E+01,3.96E+01,3.98E+01,3.98E+01,3.99E+01,4.01E+01,4.02E+01,4.05E+01,4.08E+01,4.10E+01,4.11E+01,4.12E+01,4.13E+01,4.16E+01,4.18E+01,4.19E+01,4.08E+01,4.12E+01,4.14E+01,3.79E+01,3.39E+01,3.38E+01,3.39E+01,3.57E+01,3.58E+01,3.57E+01,3.83E+01,3.83E+01,3.82E+01,3.81E+01,3.80E+01,3.76E+01,3.72E+01,3.78E+01,3.76E+01,3.77E+01,3.97E+01,3.95E+01,3.98E+01,3.97E+01,3.95E+01,3.91E+01,3.90E+01,3.97E+01,4.00E+01,3.98E+01,4.25E+01,4.24E+01,4.26E+01,4.27E+01,4.29E+01,4.29E+01,4.31E+01,4.33E+01,4.35E+01,4.06E+01
32,4.12E+01,4.13E+01,4.13E+01,4.15E+01,4.16E+01,4.19E+01,4.22E+01,4.25E+01,4.29E+01,4.33E+01,4.37E+01,3.89E+01,3.45E+01,3.43E+01,3.51E+01,3.71E+01,3.60E+01,3.51E+01,3.62E+01,3.61E+01,3.69E+01,3.68E+01,3.70E+01,3.76E+01,3.79E+01,3.82E+01,3.38E+01,3.38E+01,3.39E+01,3.40E+01,3.50E+01,3.59E+01,3.69E+01,3.66E+01,3.41E+01,3.43E+01,4.07E+01,4.05E+01,4.05E+01,4.04E+01,4.04E+01,4.05E+01,4.08E+01,4.07E+01,4.08E+01,4.10E+01,4.18E+01,4.10E+01,4.11E+01,4.11E+01,4.12E+01,4.13E+01,4.14E+01,4.17E+01,4.19E+01,4.23E+01,4.24E+01,4.28E+01,4.32E+01,3.84E+01,3.41E+01,3.39E+01,3.48E+01,3.69E+01,3.65E+01,3.56E+01,3.69E+01,3.68E+01,3.76E+01,3.76E+01,3.78E+01,3.85E+01,3.87E+01,3.90E+01,3.90E+01,3.86E+01,3.86E+01,3.86E+01,4.00E+01,4.05E+01,4.12E+01,4.02E+01,3.84E+01,3.88E+01,3.89E+01,3.88E+01,4.41E+01,4.40E+01,4.40E+01,4.41E+01,4.45E+01,4.43E+01,4.47E+01,4.50E+01,4.51E+01,4.06E+01
33,4.08E+01,4.09E+01,4.10E+01,4.11E+01,4.13E+01,4.15E+01,4.18E+01,4.21E+01,4.24E+01,4.27E+01,4.31E+01,3.93E+01,3.53E+01,3.51E+01,3.41E+01,3.46E+01,3.17E+01,3.19E+01,3.27E+01,3.27E+01,3.34E+01,3.30E+01,3.29E+01,3.29E+01,3.32E+01,3.34E+01,3.59E+01,3.58E+01,3.57E+01,3.58E+01,3.66E+01,3.67E+01,3.70E+01,3.72E+01,3.67E+01,3.73E+01,4.03E+01,4.02E+01,4.00E+01,3.99E+01,3.99E+01,3.99E+01,4.00E+01,4.00E+01,4.00E+01,4.01E+01,4.13E+01,4.07E+01,4.09E+01,4.11E+01,4.11E+01,4.13E+01,4.15E+01,4.17E+01,4.18E+01,4.21E+01,4.14E+01,4.17E+01,4.21E+01,3.85E+01,3.45E+01,3.42E+01,3.33E+01,3.40E+01,3.43E+01,3.42E+01,3.85E+01,3.90E+01,3.90E+01,3.89E+01,3.88E+01,3.90E+01,3.94E+01,4.06E+01,4.02E+01,3.97E+01,4.06E+01,4.05E+01,4.18E+01,4.13E+01,4.13E+01,4.18E+01,4.20E+01,4.30E+01,4.28E+01,4.26E+01,4.35E+01,4.34E+01,4.34E+01,4.34E+01,4.36E+01,4.37E+01,4.38E+01,4.40E+01,4.42E+01,4.06E+01
34,3.89E+01,3.90E+01,3.91E+01,3.93E+01,3.94E+01,3.97E+01,3.97E+01,4.00E+01,4.03E+01,4.08E+01,4.12E+01,3.67E+01,3.28E+01,3.18E+01,3.02E+01,3.05E+01,2.43E+01,2.42E+01,2.41E+01,2.43E+01,2.60E+01,2.66E+01,2.67E+01,2.69E+01,2.77E+01,2.82E+01,2.92E+01,2.93E+01,2.96E+01,2.96E+01,3.05E+01,3.19E+01,3.30E+01,3.36E+01,3.21E+01,3.24E+01,3.79E+01,3.78E+01,3.75E+01,3.74E+01,3.75E+01,3.74E+01,3.75E+01,3.76E+01,3.78E+01,3.79E+01,3.92E+01,3.89E+01,3.91E+01,3.92E+01,3.92E+01,3.94E+01,3.95E+01,3.98E+01,4.00E+01,4.03E+01,3.94E+01,3.99E+01,4.03E+01,3.59E+01,3.20E+01,3.09E+01,2.93E+01,2.97E+01,2.99E+01,2.94E+01,3.23E+01,3.25E+01,3.27E+01,3.18E+01,3.13E+01,3.14E+01,3.34E+01,3.59E+01,3.58E+01,3.53E+01,3.42E+01,3.42E+01,3.46E+01,3.46E+01,3.57E+01,3.67E+01,3.59E+01,3.66E+01,3.64E+01,3.63E+01,4.13E+01,4.11E+01,4.12E+01,4.10E+01,4.11E+01,4.13E+01,4.15E+01,4.17E+01,4.18E+01,3.88E+01
35,3.95E+01,3.96E+01,3.97E+01,3.99E+01,4.01E+01,4.03E+01,4.05E+01,4.10E+01,4.13E+01,4.17E+01,4.20E+01,3.74E+01,3.39E+01,3.32E+01,3.25E+01,3.33E+01,3.38E+01,3.22E+01,3.31E+01,3.30E+01,3.34E+01,3.35E+01,3.33E+01,3.34E+01,3.40E+01,3.50E+01,3.50E+01,3.40E+01,3.41E+01,3.41E+01,3.46E+01,3.51E+01,3.53E+01,3.56E+01,3.50E+01,3.51E+01,3.53E+01,3.89E+01,3.87E+01,3.86E+01,3.86E+01,3.84E+01,3.84E+01,3.86E+01,3.87E+01,3.88E+01,3.89E+01,3.98E+01,4.01E+01,4.02E+01,4.03E+01,4.05E+01,4.07E+01,4.10E+01,4.11E+01,4.14E+01,4.17E+01,4.00E+01,4.03E+01,3.61E+01,3.27E+01,3.19E+01,3.12E+01,3.21E+01,3.28E+01,3.23E+01,3.32E+01,3.60E+01,3.61E+01,3.60E+01,3.57E+01,3.60E+01,3.65E+01,3.80E+01,3.78E+01,3.77E+01,3.75E+01,3.83E+01,3.87E+01,3.86E+01,3.87E+01,3.93E+01,3.92E+01,3.97E+01,3.97E+01,3.96E+01,3.95E+01,4.18E+01,4.19E+01,4.17E+01,4.16E+01,4.20E+01,4.20E+01,4.22E+01,4.24E+01,3.90E+01
36,3.94E+01,3.95E+01,3.97E+01,3.98E+01,4.00E+01,4.02E+01,4.04E+01,4.05E+01,4.08E+01,4.12E+01,4.15E+01,3.56E+01,3.07E+01,2.97E+01,2.81E+01,2.89E+01,2.95E+01,2.84E+01,3.08E+01,3.11E+01,3.10E+01,3.00E+01,2.91E+01,2.89E+01,3.17E+01,3.54E+01,3.30E+01,3.42E+01,3.38E+01,3.50E+01,3.51E+01,3.41E+01,3.48E+01,3.69E+01,3.74E+01,3.77E+01,3.77E+01,3.86E+01,3.85E+01,3.84E+01,3.84E+01,3.84E+01,3.85E+01,3.87E+01,3.88E+01,3.90E+01,3.92E+01,3.95E+01,3.97E+01,3.98E+01,3.99E+01,4.01E+01,4.02E+01,4.05E+01,4.07E+01,4.10E+01,4.13E+01,3.97E+01,4.00E+01,3.44E+01,2.94E+01,2.82E+01,2.64E+01,2.77E+01,2.86E+01,2.76E+01,3.02E+01,3.49E+01,3.33E+01,3.16E+01,3.04E+01,2.90E+01,3.14E+01,3.44E+01,3.26E+01,3.22E+01,3.22E+01,3.87E+01,3.77E+01,3.56E+01,3.64E+01,3.89E+01,4.02E+01,4.07E+01,4.05E+01,4.05E+01,4.04E+01,4.12E+01,4.13E+01,4.11E+01,4.13E+01,4.15E+01,4.16E+01,4.18E+01,4.20E+01,3.92E+01
37,3.96E+01,3.98E+01,4.00E+01,4.02E+01,4.03E+01,4.06E+01,4.09E+01,4.12E+01,4.15E+01,4.19E+01,4.21E+01,3.55E+01,3.03E+01,2.89E+01,2.76E+01,2.78E+01,2.78E+01,2.56E+01,2.69E+01,2.77E+01,2.85E+01,2.78E+01,2.71E+01,2.72E+01,2.86E+01,3.21E+01,3.03E+01,3.10E+01,3.10E+01,3.17E+01,3.25E+01,3.23E+01,3.30E+01,3.57E+01,3.64E+01,3.68E+01,3.68E+01,3.86E+01,3.86E+01,3.85E+01,3.87E+01,3.85E+01,3.87E+01,3.89E+01,3.92E+01,3.94E+01,3.96E+01,3.94E+01,3.97E+01,3.99E+01,4.01E+01,4.03E+01,4.04E+01,4.07E+01,4.10E+01,4.13E+01,4.16E+01,3.97E+01,4.00E+01,3.38E+01,2.86E+01,2.70E+01,2.56E+01,2.62E+01,2.64E+01,2.52E+01,2.66E+01,3.23E+01,3.17E+01,3.07E+01,2.96E+01,2.90E+01,3.12E+01,3.85E+01,3.35E+01,3.27E+01,3.24E+01,3.50E+01,3.52E+01,3.43E+01,3.51E+01,3.86E+01,3.98E+01,4.03E+01,4.01E+01,4.02E+01,4.03E+01,4.13E+01,4.15E+01,4.13E+01,4.15E+01,4.17E+01,4.20E+01,4.23E+01,4.25E+01,3.91E+01
38,4.16E+01,4.19E+01,4.21E+01,4.23E+01,4.24E+01,4.28E+01,4.31E+01,4.30E+01,4.34E+01,4.36E+01,4.39E+01,3.57E+01,2.97E+01,2.86E+01,2.74E+01,2.81E+01,2.84E+01,2.72E+01,2.94E+01,2.98E+01,3.02E+01,2.91E+01,2.83E+01,2.81E+01,3.09E+01,3.54E+01,3.29E+01,3.41E+01,3.42E+01,3.51E+01,3.48E+01,3.28E+01,3.41E+01,3.78E+01,3.87E+01,3.93E+01,3.94E+01,3.92E+01,3.94E+01,3.96E+01,3.98E+01,3.99E+01,4.01E+01,4.04E+01,4.09E+01,4.10E+01,4.12E+01,4.09E+01,4.12E+01,4.14E+01,4.16E+01,4.18E+01,4.19E+01,4.23E+01,4.26E+01,4.29E+01,4.33E+01,4.14E+01,4.17E+01,3.39E+01,2.80E+01,2.68E+01,2.55E+01,2.67E+01,2.72E+01,2.60E+01,2.84E+01,3.43E+01,3.26E+01,3.10E+01,2.96E+01,2.79E+01,3.02E+01,3.38E+01,3.21E+01,3.17E+01,3.18E+01,3.73E+01,3.67E+01,3.37E+01,3.55E+01,4.00E+01,4.11E+01,4.17E+01,4.17E+01,4.18E+01,4.22E+01,4.22E+01,4.25E+01,4.25E+01,4.27E+01,4.31E+01,4.36E+01,4.38E+01,4.39E+01,4.14E+01
39,3.93E+01,3.95E+01,3.96E+01,3.98E+01,4.00E+01,4.03E+01,4.05E+01,4.10E+01,4.13E+01,4.16E+01,4.19E+01,3.65E+01,3.17E+01,3.05E+01,2.95E+01,2.93E+01,2.94E+01,2.63E+01,2.83E+01,2.92E+01,2.97E+01,2.90E+01,2.86E+01,2.87E+01,2.99E+01,3.25E+01,3.16E+01,3.41E+01,3.37E+01,3.44E+01,3.49E+01,3.45E+01,3.49E+01,3.73E+01,3.82E+01,3.85E+01,3.84E+01,3.81E+01,3.80E+01,3.80E+01,3.82E+01,3.81E+01,3.83E+01,3.86E+01,3.89E+01,3.92E+01,3.93E+01,3.82E+01,3.84E+01,3.85E+01,3.87E+01,3.88E+01,3.91E+01,3.94E+01,3.96E+01,3.98E+01,4.01E+01,3.85E+01,3.88E+01,3.39E+01,2.91E+01,2.76E+01,2.67E+01,2.69E+01,2.76E+01,2.63E+01,2.84E+01,3.36E+01,3.29E+01,3.19E+01,3.10E+01,3.04E+01,3.19E+01,3.85E+01,3.49E+01,3.38E+01,3.34E+01,3.86E+01,3.81E+01,3.70E+01,3.76E+01,4.10E+01,4.30E+01,4.37E+01,4.34E+01,4.34E+01,4.35E+01,3.98E+01,4.00E+01,4.00E+01,4.01E+01,4.04E+01,4.08E+01,4.11E+01,4.13E+01,3.89E+01
40,4.12E+01,4.14E+01,4.16E+01,4.18E+01,4.19E+01,4.22E+01,4.26E+01,4.29E+01,4.26E+01,4.29E+01,4.31E+01,3.76E+01,3.36E+01,3.30E+01,3.02E+01,3.13E+01,3.17E+01,3.24E+01,3.48E+01,3.49E+01,3.47E+01,3.44E+01,3.44E+01,3.36E+01,3.64E+01,3.92E+01,3.81E+01,3.75E+01,3.30E+01,3.22E+01,3.12E+01,3.08E+01,3.17E+01,3.35E+01,3.39E+01,3.41E+01,3.43E+01,3.46E+01,3.99E+01,4.02E+01,4.00E+01,4.01E+01,4.04E+01,4.08E+01,4.12E+01,4.16E+01,4.17E+01,4.10E+01,4.09E+01,4.11E+01,4.12E+01,4.14E+01,4.16E+01,4.19E+01,4.23E+01,4.26E+01,4.30E+01,4.33E+01,4.13E+01,3.59E+01,3.16E+01,3.09E+01,2.89E+01,3.06E+01,3.11E+01,3.21E+01,3.37E+01,3.39E+01,3.92E+01,3.84E+01,3.72E+01,3.46E+01,4.29E+01,5.07E+01,4.82E+01,4.89E+01,4.86E+01,4.81E+01,3.50E+01,3.38E+01,3.53E+01,3.72E+01,3.73E+01,3.74E+01,3.74E+01,3.77E+01,3.78E+01,3.80E+01,4.21E+01,4.22E+01,4.25E+01,4.29E+01,4.34E+01,4.38E+01,4.40E+01,4.08E+01
41,3.95E+01,3.96E+01,4.00E+01,4.02E+01,4.05E+01,4.08E+01,4.10E+01,4.14E+01,4.16E+01,4.19E+01,4.21E+01,3.53E+01,3.13E+01,3.07E+01,2.85E+01,2.92E+01,2.99E+01,2.94E+01,3.34E+01,3.33E+01,3.26E+01,3.17E+01,3.10E+01,3.06E+01,3.24E+01,3.52E+01,3.41E+01,3.35E+01,3.76E+01,3.85E+01,3.85E+01,3.61E+01,3.74E+01,3.97E+01,3.99E+01,3.99E+01,3.95E+01,3.96E+01,3.83E+01,3.85E+01,3.89E+01,3.92E+01,3.96E+01,4.00E+01,4.06E+01,4.11E+01,4.13E+01,3.88E+01,3.90E+01,3.92E+01,3.95E+01,3.97E+01,4.00E+01,4.03E+01,4.05E+01,4.09E+01,4.11E+01,4.15E+01,3.95E+01,3.29E+01,2.88E+01,2.80E+01,2.63E+01,2.80E+01,2.90E+01,2.87E+01,3.09E+01,3.16E+01,3.87E+01,3.83E+01,3.67E+01,3.32E+01,2.83E+01,2.55E+01,2.85E+01,2.82E+01,2.84E+01,2.76E+01,4.01E+01,3.72E+01,3.87E+01,4.14E+01,4.18E+01,4.20E+01,4.14E+01,4.15E+01,4.19E+01,4.21E+01,4.01E+01,4.04E+01,4.08E+01,4.12E+01,4.19E+01,4.24E+01,4.26E+01,3.85E+01
42,3.98E+01,3.99E+01,4.02E+01,4.05E+01,4.06E+01,4.09E+01,4.12E+01,4.15E+01,4.18E+01,4.21E+01,4.23E+01,3.50E+01,3.14E+01,3.13E+01,2.98E+01,3.09E+01,3.21E+01,3.11E+01,3.42E+01,3.40E+01,3.36E+01,3.24E+01,3.16E+01,3.14E+01,3.43E+01,3.82E+01,3.65E+01,3.60E+01,3.99E+01,4.11E+01,4.05E+01,3.81E+01,3.99E+01,4.19E+01,4.09E+01,4.08E+01,4.01E+01,4.02E+01,3.91E+01,3.93E+01,3.96E+01,3.98E+01,4.03E+01,4.07E+01,4.13E+01,4.18E+01,4.20E+01,3.90E+01,3.99E+01,4.00E+01,4.03E+01,4.06E+01,4.07E+01,4.10E+01,4.13E+01,4.17E+01,4.19E+01,4.22E+01,4.01E+01,3.33E+01,2.94E+01,2.90E+01,2.76E+01,2.94E+01,3.12E+01,3.05E+01,3.34E+01,3.35E+01,3.97E+01,3.75E+01,3.47E+01,3.30E+01,3.75E+01,4.44E+01,3.98E+01,3.89E+01,3.86E+01,3.95E+01,4.28E+01,3.98E+01,4.21E+01,4.47E+01,4.37E+01,4.37E+01,4.29E+01,4.29E+01,4.34E+01,4.35E+01,4.11E+01,4.13E+01,4.18E+01,4.22E+01,4.29E+01,4.34E+01,4.37E+01,3.87E+01
43,4.12E+01,4.15E+01,4.18E+01,4.20E+01,4.22E+01,4.26E+01,4.30E+01,4.33E+01,4.37E+01,4.40E+01,4.42E+01,3.87E+01,3.61E+01,3.59E+01,3.06E+01,3.14E+01,3.17E+01,3.31E+01,3.75E+01,3.64E+01,3.54E+01,3.46E+01,3.47E+01,3.42E+01,3.76E+01,3.98E+01,3.87E+01,3.84E+01,3.78E+01,3.74E+01,3.61E+01,3.49E+01,3.63E+01,3.71E+01,3.56E+01,3.50E+01,3.50E+01,3.54E+01,4.03E+01,4.05E+01,4.10E+01,4.13E+01,4.18E+01,4.22E+01,4.30E+01,4.34E+01,4.37E+01,4.03E+01,4.13E+01,4.16E+01,4.19E+01,4.21E+01,4.23E+01,4.27E+01,4.30E+01,4.34E+01,4.36E+01,4.38E+01,4.17E+01,3.63E+01,3.30E+01,3.25E+01,2.87E+01,3.06E+01,3.11E+01,3.30E+01,3.52E+01,3.51E+01,4.31E+01,3.81E+01,3.69E+01,4.01E+01,2.90E+01,2.31E+01,2.42E+01,2.29E+01,2.29E+01,2.22E+01,4.03E+01,3.80E+01,4.03E+01,4.12E+01,3.94E+01,3.89E+01,3.87E+01,3.91E+01,3.95E+01,3.97E+01,4.23E+01,4.26E+01,4.32E+01,4.36E+01,4.44E+01,4.49E+01,4.52E+01,4.00E+01
44,4.00E+01,4.03E+01,4.06E+01,4.09E+01,4.11E+01,4.14E+01,4.17E+01,4.19E+01,4.29E+01,4.31E+01,4.33E+01,3.76E+01,3.50E+01,3.63E+01,3.43E+01,3.45E+01,3.57E+01,3.57E+01,3.63E+01,3.53E+01,3.49E+01,3.46E+01,3.46E+01,3.42E+01,3.52E+01,3.65E+01,3.73E+01,3.71E+01,3.93E+01,3.90E+01,3.85E+01,3.77E+01,3.82E+01,3.74E+01,3.58E+01,3.53E+01,3.51E+01,3.55E+01,3.93E+01,3.96E+01,4.01E+01,4.05E+01,4.11E+01,4.15E+01,4.23E+01,4.28E+01,4.31E+01,3.88E+01,4.04E+01,4.06E+01,4.10E+01,4.12E+01,4.14E+01,4.17E+01,4.21E+01,4.23E+01,4.25E+01,4.28E+01,4.09E+01,3.55E+01,3.26E+01,3.31E+01,3.15E+01,3.24E+01,3.46E+01,3.54E+01,3.69E+01,3.59E+01,4.22E+01,4.18E+01,4.18E+01,4.14E+01,4.60E+01,5.06E+01,5.00E+01,4.97E+01,4.92E+01,4.89E+01,4.21E+01,4.10E+01,4.16E+01,4.05E+01,3.85E+01,3.81E+01,3.77E+01,3.82E+01,3.87E+01,3.91E+01,4.14E+01,4.18E+01,4.25E+01,4.28E+01,4.36E+01,4.42E+01,4.46E+01,3.84E+01
45,4.28E+01,4.33E+01,4.37E+01,4.40E+01,4.43E+01,4.45E+01,4.52E+01,4.54E+01,4.57E+01,4.78E+01,4.80E+01,4.11E+01,3.63E+01,3.93E+01,3.73E+01,3.76E+01,3.98E+01,3.78E+01,4.02E+01,3.80E+01,3.69E+01,3.66E+01,3.67E+01,3.59E+01,3.74E+01,3.90E+01,4.00E+01,4.02E+01,3.92E+01,3.73E+01,3.65E+01,3.63E+01,3.68E+01,3.61E+01,3.51E+01,3.47E+01,3.48E+01,3.57E+01,3.66E+01,4.26E+01,4.35E+01,4.41E+01,4.48E+01,4.52E+01,4.63E+01,4.67E+01,4.70E+01,4.09E+01,4.11E+01,4.33E+01,4.37E+01,4.40E+01,4.43E+01,4.45E+01,4.51E+01,4.54E+01,4.57E+01,4.59E+01,4.61E+01,4.41E+01,3.92E+01,4.37E+01,4.15E+01,4.14E+01,4.16E+01,3.82E+01,4.05E+01,3.89E+01,3.79E+01,4.12E+01,4.13E+01,4.05E+01,4.30E+01,4.54E+01,4.58E+01,4.64E+01,4.54E+01,4.44E+01,4.35E+01,3.92E+01,3.96E+01,3.84E+01,3.69E+01,3.65E+01,3.64E+01,3.75E+01,3.87E+01,3.92E+01,4.00E+01,4.39E+01,4.46E+01,4.50E+01,4.61E+01,4.65E+01,4.68E+01,4.10E+01
46,4.00E+01,4.02E+01,4.06E+01,4.09E+01,4.10E+01,4.13E+01,4.16E+01,4.20E+01,4.20E+01,4.39E+01,4.40E+01,3.50E+01,3.43E+01,3.65E+01,3.42E+01,3.43E+01,3.61E+01,3.52E+01,3.73E+01,3.61E+01,3.53E+01,3.52E+01,3.57E+01,3.52E+01,3.54E+01,3.61E+01,3.69E+01,3.68E+01,3.61E+01,4.01E+01,4.06E+01,4.07E+01,4.14E+01,3.96E+01,3.77E+01,3.71E+01,3.68E+01,3.74E+01,3.82E+01,3.97E+01,4.03E+01,4.09E+01,4.17E+01,4.20E+01,4.31E+01,4.37E+01,4.41E+01,3.81E+01,3.83E+01,4.03E+01,4.07E+01,4.10E+01,4.11E+01,4.14E+01,4.17E+01,4.21E+01,4.21E+01,4.23E+01,4.24E+01,4.08E+01,4.28E+01,4.81E+01,4.51E+01,4.35E+01,4.03E+01,3.66E+01,3.88E+01,3.86E+01,3.80E+01,4.15E+01,4.25E+01,4.18E+01,4.28E+01,4.38E+01,4.39E+01,4.41E+01,4.30E+01,4.26E+01,4.30E+01,4.33E+01,4.41E+01,4.21E+01,3.99E+01,3.95E+01,3.90E+01,3.96E+01,4.07E+01,4.12E+01,4.18E+01,4.10E+01,4.18E+01,4.22E+01,4.32E+01,4.38E+01,4.43E+01,3.80E+01
47,4.11E+01,4.15E+01,4.20E+01,4.23E+01,4.23E+01,4.26E+01,4.30E+01,4.31E+01,4.32E+01,4.64E+01,4.65E+01,4.04E+01,3.70E+01,3.75E+01,3.68E+01,3.66E+01,3.72E+01,3.56E+01,3.78E+01,3.40E+01,3.36E+01,3.36E+01,3.35E+01,3.26E+01,3.26E+01,3.29E+01,3.36E+01,3.34E+01,3.38E+01,3.98E+01,3.99E+01,4.02E+01,4.00E+01,3.93E+01,3.91E+01,3.88E+01,3.87E+01,3.93E+01,4.01E+01,4.11E+01,4.20E+01,4.28E+01,4.38E+01,4.40E+01,4.53E+01,4.62E+01,4.67E+01,3.84E+01,3.86E+01,4.11E+01,4.16E+01,4.20E+01,4.19E+01,4.22E+01,4.26E+01,4.28E+01,4.28E+01,4.28E+01,4.29E+01,4.16E+01,3.82E+01,3.89E+01,3.82E+01,3.79E+01,3.80E+01,3.61E+01,3.83E+01,3.79E+01,3.75E+01,4.01E+01,3.99E+01,3.98E+01,4.03E+01,4.07E+01,4.09E+01,4.01E+01,4.04E+01,3.99E+01,3.99E+01,4.32E+01,4.30E+01,4.19E+01,4.18E+01,4.16E+01,4.13E+01,4.21E+01,4.32E+01,4.38E+01,4.48E+01,4.17E+01,4.26E+01,4.28E+01,4.40E+01,4.49E+01,4.54E+01,3.90E+01
48,4.35E+01,4.37E+01,4.42E+01,4.45E+01,4.45E+01,4.49E+01,4.53E+01,4.54E+01,4.54E+01,4.74E+01,4.75E+01,4.20E+01,3.72E+01,3.64E+01,3.56E+01,3.52E+01,3.58E+01,3.50E+01,3.58E+01,3.24E+01,3.35E+01,3.37E+01,3.36E+01,3.28E+01,3.17E+01,3.17E+01,3.20E+01,3.25E+01,3.24E+01,4.06E+01,4.04E+01,4.06E+01,4.06E+01,4.23E+01,4.44E+01,4.49E+01,4.50E+01,4.61E+01,4.73E+01,4.37E+01,4.47E+01,4.58E+01,4.66E+01,4.69E+01,4.81E+01,4.87E+01,4.95E+01,4.09E+01,4.11E+01,4.34E+01,4.39E+01,4.42E+01,4.42E+01,4.46E+01,4.50E+01,4.51E+01,4.50E+01,4.50E+01,4.52E+01,4.40E+01,3.91E+01,3.84E+01,3.76E+01,3.71E+01,3.74E+01,3.63E+01,3.73E+01,3.74E+01,3.71E+01,3.97E+01,3.92E+01,4.17E+01,3.63E+01,3.60E+01,3.62E+01,3.88E+01,3.86E+01,3.84E+01,3.85E+01,4.36E+01,4.36E+01,4.57E+01,4.85E+01,4.92E+01,4.93E+01,5.06E+01,5.21E+01,5.33E+01,5.44E+01,4.33E+01,4.40E+01,4.43E+01,4.53E+01,4.58E+01,4.65E+01,4.21E+01
49,4.40E+01,4.42E+01,4.47E+01,4.49E+01,4.50E+01,4.53E+01,4.56E+01,4.58E+01,4.58E+01,4.76E+01,4.77E+01,4.30E+01,3.88E+01,3.77E+01,3.65E+01,3.57E+01,3.53E+01,3.48E+01,3.50E+01,3.21E+01,3.27E+01,3.30E+01,3.32E+01,3.23E+01,3.11E+01,3.10E+01,3.11E+01,3.12E+01,3.13E+01,3.96E+01,3.92E+01,3.92E+01,3.84E+01,4.14E+01,4.48E+01,4.55E+01,4.62E+01,4.71E+01,4.83E+01,4.46E+01,4.55E+01,4.66E+01,4.74E+01,4.77E+01,4.89E+01,4.97E+01,5.03E+01,4.14E+01,4.15E+01,4.41E+01,4.46E+01,4.48E+01,4.49E+01,4.52E+01,4.55E+01,4.58E+01,4.57E+01,4.58E+01,4.59E+01,4.47E+01,4.04E+01,3.94E+01,3.82E+01,3.74E+01,3.68E+01,3.62E+01,3.64E+01,3.68E+01,3.66E+01,3.85E+01,3.80E+01,3.98E+01,3.52E+01,3.48E+01,3.48E+01,3.57E+01,3.62E+01,3.61E+01,3.64E+01,4.24E+01,4.12E+01,4.52E+01,4.97E+01,5.08E+01,5.16E+01,5.27E+01,5.42E+01,5.53E+01,5.64E+01,4.39E+01,4.46E+01,4.49E+01,4.60E+01,4.66E+01,4.71E+01,4.26E+01
